Cluster,Count,Avg_Age,Median_Income,Avg_Family_Size,TotalSpent,Recency,WebShare,CatalogShare,StoreShare,DealRate,TotalPurchases,NumWebVisitsMonth,Persona
0,1252,55.257188498402556,37264.0,2.926517571884984,168.70607028753994,48.8482428115016,0.3571307493861191,0.08573603450723895,0.5539383279277281,0.14361387230929842,16.576677316293928,6.514376996805112,Steady Multi-Channel
1,956,59.61924686192469,70581.0,2.1589958158995817,1182.0020920502093,49.40167364016737,0.29141787432912397,0.26820895748554524,0.4382811179761258,0.07542593195969698,24.934100418410043,3.752092050209205,Premium Loyalist
